UNIQUE-NAME,CUSTOMER-ID
P-14,0010010878
P-15,0010010617
P-16,0010010617
P-17,0010010617
P-18,0010010617
P-19,0010010617
P-20,0010010617
P-21,0010010617
P-24,
P-26,0010010887
P-27,0010010633
P-31,0010010632
P-32,0010010632
P-33,0010010886
P-34,
P-35,
P-36,
P-37,
P-38,
P-39,
P-40,
P-41,
P-42,
P-43,0010010623
P-44,
P-45,
P-46,
P-47,
P-48,0010010882
P-49,
P-50,0010010623
P-51,0010010623
P-52,0010010623
P-54,0010010436
P-55,0010010436
P-56,0010010436
P-57,0010010632
P-58,0010010436
P-59,0010010436
P-60,
P-61,0010010632
P-62,0010010632
P-63,0010010632
P-64,0010010632
P-65,0010010632
P-66,0010010632
P-67,0010010632
P-68,0010010632
P-69,HYN605
P-70,HYN605
P-71,HYN605
P-72,HYN605
P-73,HYN605
P-74,HYN605
P-75,HYN605
P-76,HYN605
P-77,HYN605
P-78,0010010435
P-79,
P-80,
P-83,0010010435
P-84,HYN605
P-85,0010010623
P-86,0010010623
P-87,0010010435
P-88,0010010882
P-89,0010010906
P-90,0010010898
P-91,0010010911
P-92,HYN605
P-93,0010009623
P-94,
P-95,0010010897
P-96,HUM024
P-97,
P-98,
P-99,
P-100,
P-101,0010010911
P-102,0010010910
P-103,0010010911
P-104,0010010911
P-105,0010010911
P-106,0010010911
P-107,
P-108,
P-109,
P-110,0010010613
P-111,0010010613
P-112,0010010613
P-113,0010010637
P-114,0010010613
P-115,0010010613
P-116,
P-117,
P-118,
P-119,
P-120,0010010435
P-121,
P-122,
P-123,
P-124,0010010614
P-125,0010010631
P-126,0010010428
P-127,0010010632
P-128,
P-129,
P-130,0010010613
P-131,0010010613
P-132,
P-133,
P-134,
P-135,
P-136,
P-137,
P-139,0010010882
P-140,0010010423
P-141,0010010428
P-142,0010010882
P-143,0010010885
P-144,
P-145,0010010428
P-146,
P-147,
P-148,0010010880
P-149,0010010613
P-150,0010010428
P-151,0010010613
P-152,0010010428
P-153,ZIP007
P-154,0010010428
P-155,
P-156,
P-157,
P-158,HYN605
P-159,
P-160,
P-161,0010010880
P-162,HYN605
P-163,
P-164,HYN605
P-165,0010010878
P-166,HYN605
P-167,0010010631
P-168,
P-169,
P-170,
P-171,0010010428
P-172,
P-173,HYN605
P-174,0010010613
P-175,0010010613
P-176,HYN605
P-177,HYN605
P-178,0010010882
P-179,
P-180,0010010428
P-181,HYN605
P-182,
P-183,0010010911
P-184,
P-185,0010010613
P-186,HYN605
P-187,
P-188,HYN605
P-189,0010010613
P-190,
P-191,0010010423
P-192,
P-193,
P-194,0010010428
P-195,0010010428
P-196,0010010428
P-197,0010010428
P-198,0010010428
P-199,0010010428
P-200,0010010428
P-201,0010010428
P-202,0010010428
P-203,0010010428
P-204,0010010613
P-205,0010010912
P-167-v2.1,0010010631
P-167-v2.2,0010010631
P-208,0010010613
P-209,0010010428
P-210,0010010561
P-211,0010010613
P-212,0010010428
P-213,0010010428
P-214,ZIP006
P-215,0010010910
P-216,0010010910
P-217,0010010910
P-218,
P-219,0010010428
P-220,0010010612
P-221,HYN605
P-222,
P-223,0010010910
P-224,HUM995
P-225,0010010428
P-226,0010010428
P-228,0010010721
P-229,HUM025
P-230,0010010906
P-231,HUM025
P-232,HUM025
P-233,HUM025
P-234,0010010428
P-235,HUM025
P-236,0010010656
P-237,0010010653
P-238,0010010615
P-239,0010010615
P-240,0010010615
P-241,0010010618
P-242,0010010615
P-243,0010010618
P-244,
P-245,0010010618
P-246,0010010618
P-247,0010010618
P-248,HUM035
P-214-v2.1,0010010428
P-248-v2.1,HUM035
P-248-v2.2,0010010618
P-252,0010010653
P-236-v2.1,0010010656
P-254,0010010653
P-255,0010010653
P-256,0010010653
P-257,0010010653
P-258,0010010653
P-259,ALL003
P-260,ALL003
P-204-v2.1,0010010613
P-262,0010010653
P-263,0010010624
P-264,HUM035
P-264-v2.1,0010010618
P-266,0010010653
P-267,ALL003
P-268,ALL003
P-269,ALL003
P-270,ALL003
P-271,ALL003
P-272,ALL003
P-271-v2.1,ALL003
P-272-v2.1,ALL003
P-275,ALL003
P-276,0010010647
P-277,0010010614
P-278,0010010649
P-279,0010010649
P-280,IRR009
P-281,0010010649
P-282,0010010649
P-283,0010010649
P-284,ALL003
P-285,ADV003
P-286,0010010647
P-286-v2.1,0010010647
P-288,0010010644
P-289,HYN010
P-289-v2.1,0010010644
P-291,0010010649
P-292,0010010649
P-293,0010010890
P-294,0010010428
P-295,0010010649
P-296,HYN017
P-297,ALL003
P-298,0010010647
P-299,ALL003
P-300,ALL003
P-300-v2.1,ALL003
P-302,ALL003
P-296-v2.1,0010010649
P-304,0010010882
P-305,0010010423
P-306,0010010428
P-307,0010010428
P-308,0010010428
P-309,HYN017
P-309-v2.1,0010010649
P-311,0010010893
P-312,0010010909
P-313,0010010647
P-314,0010010613
P-315,0010010613
P-316,0010010647
P-317,HUM031
P-318,0010010613
P-319,0010010613
P-320,FAR234
P-321,FRA002
P-322,0010010672
P-321-v2.1,0010010582
P-321-v2.1.1,0010010582
P-325,HUM025
P-326,FAR203
P-326-v2.1,0010010530
P-320-v2.1,0010010561
P-320-v2.1.1,0010010561
P-330,0010010895
P-331,0010010883
P-332,0010010880
P-334,0010010428
P-335,0010010423
P-336,0010010646
P-337,ACT004
P-338,0010010428
P-339,0010010912
P-340,0010010884
P-341,0010010641
P-342,
P-343,0010010647
P-344,HUM025
P-345,0010010640
P-346,0010010428
P-347,0010010882
P-348,0010010428
P-349,0010010884
P-350,0010010428
P-351,0010010428
P-352,
P-353,
P-354,0010010428
P-355,0010010428
P-356,0010010428
P-357,0010010886
P-358,0010010887
P-359,0010010886
P-361,
P-362,ALL003
P-363,ALL003
P-364,0010010617
P-365,ALL003
P-366,ALL003
P-367,ALL003
P-368,
P-246-v2.1,0010010618
P-246-v2.2,0010010618
P-403,ALL002
P-404,0010010878
P-405,0010010878
P-407,
P-408,
P-409,
P-410,0010010878
P-431,0010010883
P-432,0010010883
P-433,0010010883
P-440,0010010656
P-441,0010010613
P-442,0010010892
P-443,0010010613
P-444,0010010882
P-445,
P-446,ADV003
P-447,
P-448,
P-449,0010010884
P-450,ACT001
P-450-v2.1,ACT001
P-452,
P-450-v2.1.1,0010010879
P-454,
P-455,0010010884
P-456,0010010882
P-457,0010010890
P-458,0010010882
P-459,0010010613
P-460,0010010879
P-462,0010010890
P-463,0010010886
P-465,0010010890
P-466,
P-467,0010010887
P-472,0010010884
P-473,0010010893
P-474,0010010893
P-475,
P-476,
P-477,
P-478,0010010893
P-479,0010010886
P-480,
P-481,0010010886
P-482,0010010906
P-483,0010010879
P-484,0010010613
P-485,0010010637
P-486,0010010613
P-487,0010010890
P-488,
P-489,ACT004
P-490,
P-491,
P-498,0010010886
P-499,0010010888
P-500,ACT004
P-501,0010010892
P-502,ACT004
P-503,
P-504,0010010656
P-505,0010010885
P-484-v2.1,0010010613
P-507,0010010613
P-508,0010010637
P-509,
P-510,0010010656
P-519,0010010879
P-520,0010010879
P-521,0010010879
P-522,0010010656
P-523,0010010656
P-524,0010010883
P-526,0010010889
P-527,0010011056
P-528,0010010656
P-530,0010010656
P-531,0010010613
P-536,PROMAG
P-537,0010010883
P-538,0010010884
P-539,0010010879
P-540,HYN605
P-541,0010010879
P-542,0010010883
P-543,0010011056
P-544,PROMAG
P-545,PROMAG
P-546,0010010879
P-549,0010010656
P-552,0010010884
P-554,
P-555,
P-556,0010010896
P-557,HUM025
P-558,0010010615
P-559,0010010615
P-560,0010010615
P-568,0010010656
P-570,0010010717
P-571,0010010879
P-572,0010010878
P-573,0010010878
P-575,0010010878
P-576,0010010878
P-577,0010010878
P-582,HUM018
P-583,0010010717
P-584,0010010614
P-585,0010010717
P-586,0010010717
P-587,0010010717
P-588,0010010717
P-589,0010010716
P-598,0010010717
P-599,0010010717
P-600,0010010613
P-601,0010010656
P-602,0010010632
P-603,
P-604,0010010881
P-605,0010010632
P-606,0010010886
P-607,0010010884
P-609,0010010633
P-610,0010010881
P-611,0010010717
P-612,0010010887
P-613,0010010888
P-614,0010010885
P-615,0010010891
P-616,0010010885
P-617,0010010881
P-618,0010010531
P-619,0010010656
P-620,0010010861
P-621,0010010860
P-622,HUM064
P-626,
P-636,0010010879
P-652,HUM018
P-653,0010010882
P-654,ACT004
P-655,0010010881
P-656,HUM044
P-657,0010010882
P-658,0010011015
P-659,0010010885
P-660,0010010918
P-661,0010010884
P-662,HUM025
P-663,HUM025
P-664,HUM024
P-665,0010010618
P-666,0010010883
P-667,HUM024
P-668,HUM022
P-669,ACT004
P-670,0010010603
P-671,HUM044
P-672,0010010717
P-673,ACT004
P-674,0010010894
P-675,0010010890
P-676,HUM025
P-677,0010010880
P-678,0010010888
P-679,0010010614
P-680,0010010879
P-692,0010010882
P-731,0010010619
P-732,
P-736,
P-737,0010010880
P-738,0010010880
P-739,0010010880
P-740,HUM018
P-741,HUM018
P-743,
P-744,HUM018
P-745,HUM018
P-746,HUM018
P-747,0010010878
P-748,HUM018
P-749,HUM018
P-750,HUM018
P-751,HYN602
P-752,
P-754,0010010886
P-756,0010010981
P-762,0010010626
P-763,HUM018
P-764,0010010882
P-765,0010010896
P-768,0010010882
P-769,0010010882
P-770,
P-771,0010011027
P-772,0010010882
P-773,
P-794,0010010878
P-811,0010010887
P-1025,AMI001
P-1048,0010010626
P-1049,0010010626
P-1050,0010010626
P-1051,0010010626
P-1052,0010010626
P-1053,0010010626
P-1054,0010010626
P-1055,
P-1056,
P-1057,
P-1058,0010010626
P-1103,
P-1104,0010010626
P-1105,0010010626
P-1106,
P-1107,
P-1311,
P-1317,AMI001
P-1318,AMI001
P-1320,0010010626
P-1322,HUM018
P-1323,AMI001
P-1324,0010010610
P-1325,0010010003
P-1798,0010010003
P-1802,0010010878
P-1803,
P-750-v2.1,HUM018
P-1805,HUM018
P-1806,AMI001
P-1317-v2.1,AMI001
